Question,Company
Two Sum,Apple
Add Two Numbers,Apple
Longest Substring Without Repeating Characters,Apple
Median of Two Sorted Arrays,Apple
Longest Palindromic Substring,Apple
ZigZag Conversion,Apple
Reverse Integer,Apple
String to Integer (atoi),Apple
Palindrome Number,Apple
Regular Expression Matching,Apple
Container With Most Water,Apple
Integer to Roman,Apple
Roman to Integer,Apple
Longest Common Prefix,Apple
3Sum,Apple
3Sum Closest,Apple
Letter Combinations of a Phone Number,Apple
4Sum,Apple
Valid Parentheses,Apple
Merge Two Sorted Lists,Apple
Generate Parentheses,Apple
Merge k Sorted Lists,Apple
Swap Nodes in Pairs,Apple
Reverse Nodes in k-Group,Apple
Remove Duplicates from Sorted Array,Apple
Implement strStr(),Apple
Divide Two Integers,Apple
Next Permutation,Apple
Longest Valid Parentheses,Apple
Search in Rotated Sorted Array,Apple
Find First and Last Position of Element in Sorted Array,Apple
Search Insert Position,Apple
Valid Sudoku,Apple
Sudoku Solver,Apple
Count and Say,Apple
Combination Sum,Apple
First Missing Positive,Apple
Trapping Rain Water,Apple
Multiply Strings,Apple
Jump Game II,Apple
Permutations,Apple
Permutations II,Apple
Rotate Image,Apple
Group Anagrams,Apple
N-Queens,Apple
Maximum Subarray,Apple
Spiral Matrix,Apple
Jump Game,Apple
Merge Intervals,Apple
Spiral Matrix II,Apple
Unique Paths,Apple
Unique Paths II,Apple
Minimum Path Sum,Apple
Plus One,Apple
Add Binary,Apple
Sqrt(x),Apple
Climbing Stairs,Apple
Set Matrix Zeroes,Apple
Search a 2D Matrix,Apple
Sort Colors,Apple
Minimum Window Substring,Apple
Combinations,Apple
Subsets,Apple
Word Search,Apple
Remove Duplicates from Sorted List II,Apple
Remove Duplicates from Sorted List,Apple
Partition List,Apple
Scramble String,Apple
Merge Sorted Array,Apple
Decode Ways,Apple
Reverse Linked List II,Apple
Restore IP Addresses,Apple
Binary Tree Inorder Traversal,Apple
Unique Binary Search Trees II,Apple
Interleaving String,Apple
Validate Binary Search Tree,Apple
Symmetric Tree,Apple
Binary Tree Level Order Traversal,Apple
Binary Tree Zigzag Level Order Traversal,Apple
Maximum Depth of Binary Tree,Apple
Construct Binary Tree from Preorder and Inorder Traversal,Apple
Binary Tree Level Order Traversal II,Apple
Convert Sorted Array to Binary Search Tree,Apple
Balanced Binary Tree,Apple
Minimum Depth of Binary Tree,Apple
Path Sum II,Apple
Flatten Binary Tree to Linked List,Apple
Populating Next Right Pointers in Each Node,Apple
Pascal's Triangle,Apple
Triangle,Apple
Best Time to Buy and Sell Stock,Apple
Best Time to Buy and Sell Stock II,Apple
Best Time to Buy and Sell Stock III,Apple
Binary Tree Maximum Path Sum,Apple
Valid Palindrome,Apple
Word Ladder II,Apple
Word Ladder,Apple
Longest Consecutive Sequence,Apple
Clone Graph,Apple
Gas Station,Apple
Candy,Apple
Single Number,Apple
Copy List with Random Pointer,Apple
Word Break,Apple
Word Break II,Apple
Linked List Cycle,Apple
Linked List Cycle II,Apple
Reorder List,Apple
LRU Cache,Apple
Max Points on a Line,Apple
Reverse Words in a String,Apple
Find Minimum in Rotated Sorted Array,Apple
Min Stack,Apple
Find Peak Element,Apple
Two Sum II - Input array is sorted,Apple
Excel Sheet Column Title,Apple
Majority Element,Apple
Excel Sheet Column Number,Apple
Combine Two Tables,Apple
Second Highest Salary,Apple
Nth Highest Salary,Apple
Rank Scores,Apple
Largest Number,Apple
Repeated DNA Sequences,Apple
Best Time to Buy and Sell Stock IV,Apple
Reverse Bits,Apple
Number of 1 Bits,Apple
Valid Phone Numbers,Apple
House Robber,Apple
Binary Tree Right Side View,Apple
Number of Islands,Apple
Happy Number,Apple
Remove Linked List Elements,Apple
Count Primes,Apple
Reverse Linked List,Apple
Course Schedule,Apple
Minimum Size Subarray Sum,Apple
Course Schedule II,Apple
Design Add and Search Words Data Structure,Apple
Word Search II,Apple
Kth Largest Element in an Array,Apple
Contains Duplicate,Apple
The Skyline Problem,Apple
Contains Duplicate III,Apple
Maximal Square,Apple
Rectangle Area,Apple
Invert Binary Tree,Apple
Basic Calculator II,Apple
Majority Element II,Apple
Kth Smallest Element in a BST,Apple
Power of Two,Apple
Implement Queue using Stacks,Apple
Palindrome Linked List,Apple
Lowest Common Ancestor of a Binary Tree,Apple
Product of Array Except Self,Apple
Sliding Window Maximum,Apple
Search a 2D Matrix II,Apple
Valid Anagram,Apple
Meeting Rooms II,Apple
Paint House,Apple
Single Number III,Apple
Graph Valid Tree,Apple
Palindrome Permutation,Apple
Missing Number,Apple
Alien Dictionary,Apple
Integer to English Words,Apple
Find the Celebrity,Apple
Perfect Squares,Apple
Move Zeroes,Apple
Peeking Iterator,Apple
Find the Duplicate Number,Apple
Find Median from Data Stream,Apple
Serialize and Deserialize Binary Tree,Apple
Longest Increasing Subsequence,Apple
Range Sum Query 2D - Immutable,Apple
Minimum Height Trees,Apple
Sparse Matrix Multiplication,Apple
Count of Smaller Numbers After Self,Apple
Coin Change,Apple
Longest Increasing Path in a Matrix,Apple
Reconstruct Itinerary,Apple
Palindrome Pairs,Apple
Counting Bits,Apple
Flatten Nested List Iterator,Apple
Integer Break,Apple
Reverse String,Apple
Reverse Vowels of a String,Apple
Top K Frequent Elements,Apple
Design Tic-Tac-Toe,Apple
Intersection of Two Arrays II,Apple
Android Unlock Patterns,Apple
Design Snake Game,Apple
Logger Rate Limiter,Apple
Design Hit Counter,Apple
Sum of Two Integers,Apple
Guess Number Higher or Lower,Apple
Kth Smallest Element in a Sorted Matrix,Apple
Insert Delete GetRandom O(1),Apple
Insert Delete GetRandom O(1) - Duplicates allowed,Apple
Shuffle an Array,Apple
First Unique Character in a String,Apple
Longest Absolute File Path,Apple
Perfect Rectangle,Apple
UTF-8 Validation,Apple
Decode String,Apple
Frog Jump,Apple
Queue Reconstruction by Height,Apple
Split Array Largest Sum,Apple
Add Strings,Apple
Pacific Atlantic Water Flow,Apple
Strong Password Checker,Apple
Serialize and Deserialize N-ary Tree,Apple
Non-overlapping Intervals,Apple
Find All Duplicates in an Array,Apple
String Compression,Apple
Add Two Numbers II,Apple
Find All Numbers Disappeared in an Array,Apple
Sort Characters By Frequency,Apple
Minimum Moves to Equal Array Elements,Apple
4Sum II,Apple
Concatenated Words,Apple
Sliding Window Median,Apple
The Maze,Apple
Fibonacci Number,Apple
Find Largest Value in Each Tree Row,Apple
Longest Palindromic Subsequence,Apple
Coin Change 2,Apple
Contiguous Array,Apple
Random Pick with Weight,Apple
01 Matrix,Apple
Diameter of Binary Tree,Apple
Boundary of Binary Tree,Apple
Remove Boxes,Apple
Subarray Sum Equals K,Apple
Array Partition I,Apple
Find the Closest Palindrome,Apple
Longest Harmonious Subsequence,Apple
Find Duplicate File in System,Apple
Merge Two Binary Trees,Apple
Design Circular Queue,Apple
Maximum Product of Three Numbers,Apple
Smallest Range Covering Elements from K Lists,Apple
Exclusive Time of Functions,Apple
Shopping Offers,Apple
Design Search Autocomplete System,Apple
Palindromic Substrings,Apple
Find K Closest Elements,Apple
Non-decreasing Array,Apple
Trim a Binary Search Tree,Apple
Maximum Swap,Apple
Redundant Connection II,Apple
Longest Univalue Path,Apple
Knight Probability in Chessboard,Apple
Top K Frequent Words,Apple
Number of Distinct Islands,Apple
Max Area of Island,Apple
Search in a Binary Search Tree,Apple
Kth Largest Element in a Stream,Apple
Design HashMap,Apple
Max Stack,Apple
Accounts Merge,Apple
Find Pivot Index,Apple
My Calendar I,Apple
Flood Fill,Apple
Daily Temperatures,Apple
Cherry Pickup,Apple
Partition Labels,Apple
Reorganize String,Apple
Jewels and Stones,Apple
Rotate String,Apple
Most Common Word,Apple
Shortest Distance to a Character,Apple
Find And Replace in String,Apple
Rectangle Overlap,Apple
New 21 Game,Apple
All Nodes Distance K in Binary Tree,Apple
Transpose Matrix,Apple
Middle of the Linked List,Apple
Possible Bipartition,Apple
Maximum Frequency Stack,Apple
Sort Array By Parity,Apple
Snakes and Ladders,Apple
Minimum Falling Path Sum,Apple
Range Sum of BST,Apple
K Closest Points to Origin,Apple
Two Sum,Bloomberg
Add Two Numbers,Bloomberg
Longest Substring Without Repeating Characters,Bloomberg
Median of Two Sorted Arrays,Bloomberg
Longest Palindromic Substring,Bloomberg
ZigZag Conversion,Bloomberg
Reverse Integer,Bloomberg
String to Integer (atoi),Bloomberg
Palindrome Number,Bloomberg
Regular Expression Matching,Bloomberg
Container With Most Water,Bloomberg
Integer to Roman,Bloomberg
Roman to Integer,Bloomberg
Longest Common Prefix,Bloomberg
3Sum,Bloomberg
Letter Combinations of a Phone Number,Bloomberg
Remove Nth Node From End of List,Bloomberg
Valid Parentheses,Bloomberg
Merge Two Sorted Lists,Bloomberg
Generate Parentheses,Bloomberg
Merge k Sorted Lists,Bloomberg
Swap Nodes in Pairs,Bloomberg
Remove Duplicates from Sorted Array,Bloomberg
Remove Element,Bloomberg
Implement strStr(),Bloomberg
Divide Two Integers,Bloomberg
Substring with Concatenation of All Words,Bloomberg
Next Permutation,Bloomberg
Search in Rotated Sorted Array,Bloomberg
Find First and Last Position of Element in Sorted Array,Bloomberg
Valid Sudoku,Bloomberg
Combination Sum,Bloomberg
Combination Sum II,Bloomberg
First Missing Positive,Bloomberg
Trapping Rain Water,Bloomberg
Wildcard Matching,Bloomberg
Permutations,Bloomberg
Permutations II,Bloomberg
Group Anagrams,Bloomberg
"Pow(x, n)",Bloomberg
Maximum Subarray,Bloomberg
Spiral Matrix,Bloomberg
Jump Game,Bloomberg
Merge Intervals,Bloomberg
Unique Paths,Bloomberg
Unique Paths II,Bloomberg
Minimum Path Sum,Bloomberg
Sqrt(x),Bloomberg
Climbing Stairs,Bloomberg
Simplify Path,Bloomberg
Edit Distance,Bloomberg
Search a 2D Matrix,Bloomberg
Minimum Window Substring,Bloomberg
Subsets,Bloomberg
Word Search,Bloomberg
Largest Rectangle in Histogram,Bloomberg
Maximal Rectangle,Bloomberg
Merge Sorted Array,Bloomberg
Subsets II,Bloomberg
Decode Ways,Bloomberg
Reverse Linked List II,Bloomberg
Binary Tree Inorder Traversal,Bloomberg
Unique Binary Search Trees,Bloomberg
Interleaving String,Bloomberg
Validate Binary Search Tree,Bloomberg
Recover Binary Search Tree,Bloomberg
Same Tree,Bloomberg
Symmetric Tree,Bloomberg
Binary Tree Level Order Traversal,Bloomberg
Binary Tree Zigzag Level Order Traversal,Bloomberg
Maximum Depth of Binary Tree,Bloomberg
Construct Binary Tree from Preorder and Inorder Traversal,Bloomberg
Convert Sorted Array to Binary Search Tree,Bloomberg
Convert Sorted List to Binary Search Tree,Bloomberg
Balanced Binary Tree,Bloomberg
Path Sum,Bloomberg
Flatten Binary Tree to Linked List,Bloomberg
Populating Next Right Pointers in Each Node,Bloomberg
Populating Next Right Pointers in Each Node II,Bloomberg
Pascal's Triangle,Bloomberg
Best Time to Buy and Sell Stock,Bloomberg
Best Time to Buy and Sell Stock II,Bloomberg
Best Time to Buy and Sell Stock III,Bloomberg
Binary Tree Maximum Path Sum,Bloomberg
Valid Palindrome,Bloomberg
Word Ladder II,Bloomberg
Word Ladder,Bloomberg
Longest Consecutive Sequence,Bloomberg
Single Number,Bloomberg
Copy List with Random Pointer,Bloomberg
Word Break,Bloomberg
Word Break II,Bloomberg
Binary Tree Preorder Traversal,Bloomberg
LRU Cache,Bloomberg
Max Points on a Line,Bloomberg
Maximum Product Subarray,Bloomberg
Find Minimum in Rotated Sorted Array,Bloomberg
Min Stack,Bloomberg
Intersection of Two Linked Lists,Bloomberg
Find Peak Element,Bloomberg
Excel Sheet Column Number,Bloomberg
Binary Search Tree Iterator,Bloomberg
Second Highest Salary,Bloomberg
Best Time to Buy and Sell Stock IV,Bloomberg
House Robber,Bloomberg
Binary Tree Right Side View,Bloomberg
Number of Islands,Bloomberg
Happy Number,Bloomberg
Remove Linked List Elements,Bloomberg
Reverse Linked List,Bloomberg
Course Schedule,Bloomberg
Minimum Size Subarray Sum,Bloomberg
Design Add and Search Words Data Structure,Bloomberg
Word Search II,Bloomberg
Shortest Palindrome,Bloomberg
Kth Largest Element in an Array,Bloomberg
Contains Duplicate II,Bloomberg
Maximal Square,Bloomberg
Count Complete Tree Nodes,Bloomberg
Majority Element II,Bloomberg
Kth Smallest Element in a BST,Bloomberg
Implement Queue using Stacks,Bloomberg
Palindrome Linked List,Bloomberg
Lowest Common Ancestor of a Binary Tree,Bloomberg
Delete Node in a Linked List,Bloomberg
Product of Array Except Self,Bloomberg
Sliding Window Maximum,Bloomberg
Valid Anagram,Bloomberg
Count Univalue Subtrees,Bloomberg
Meeting Rooms,Bloomberg
Meeting Rooms II,Bloomberg
Add Digits,Bloomberg
Missing Number,Bloomberg
Alien Dictionary,Bloomberg
Integer to English Words,Bloomberg
H-Index,Bloomberg
Move Zeroes,Bloomberg
Inorder Successor in BST,Bloomberg
Walls and Gates,Bloomberg
Find the Duplicate Number,Bloomberg
Nim Game,Bloomberg
Find Median from Data Stream,Bloomberg
Remove Invalid Parentheses,Bloomberg
Binary Tree Vertical Order Traversal,Bloomberg
Count of Smaller Numbers After Self,Bloomberg
Coin Change,Bloomberg
Odd Even Linked List,Bloomberg
Longest Increasing Path in a Matrix,Bloomberg
Reconstruct Itinerary,Bloomberg
Counting Bits,Bloomberg
Reverse String,Bloomberg
Top K Frequent Elements,Bloomberg
Design Tic-Tac-Toe,Bloomberg
Intersection of Two Arrays,Bloomberg
Design Snake Game,Bloomberg
Logger Rate Limiter,Bloomberg
Insert Delete GetRandom O(1),Bloomberg
Insert Delete GetRandom O(1) - Duplicates allowed,Bloomberg
Shuffle an Array,Bloomberg
First Unique Character in a String,Bloomberg
Elimination Game,Bloomberg
Is Subsequence,Bloomberg
Decode String,Bloomberg
Longest Substring with At Least K Repeating Characters,Bloomberg
Integer Replacement,Bloomberg
Evaluate Division,Bloomberg
Remove K Digits,Bloomberg
Sum of Left Leaves,Bloomberg
Longest Palindrome,Bloomberg
Fizz Buzz,Bloomberg
Arithmetic Slices,Bloomberg
Add Strings,Bloomberg
Partition Equal Subset Sum,Bloomberg
Pacific Atlantic Water Flow,Bloomberg
Valid Word Square,Bloomberg
Longest Repeating Character Replacement,Bloomberg
Word Squares,Bloomberg
Flatten a Multilevel Doubly Linked List,Bloomberg
String Compression,Bloomberg
Add Two Numbers II,Bloomberg
Find All Numbers Disappeared in an Array,Bloomberg
Delete Node in a BST,Bloomberg
Sort Characters By Frequency,Bloomberg
LFU Cache,Bloomberg
Island Perimeter,Bloomberg
Next Greater Element I,Bloomberg
Next Greater Element II,Bloomberg
Longest Palindromic Subsequence,Bloomberg
Coin Change 2,Bloomberg
K-diff Pairs in an Array,Bloomberg
Encode and Decode TinyURL,Bloomberg
Diameter of Binary Tree,Bloomberg
Reverse Words in a String III,Bloomberg
Subarray Sum Equals K,Bloomberg
Subtree of Another Tree,Bloomberg
Kill Process,Bloomberg
Valid Triangle Number,Bloomberg
Merge Two Binary Trees,Bloomberg
Task Scheduler,Bloomberg
Find Duplicate Subtrees,Bloomberg
Find K Closest Elements,Bloomberg
Maximum Width of Binary Tree,Bloomberg
Number of Longest Increasing Subsequence,Bloomberg
Top K Frequent Words,Bloomberg
Number of Distinct Islands,Bloomberg
Max Area of Island,Bloomberg
Insert into a Sorted Circular Linked List,Bloomberg
Max Stack,Bloomberg
Accounts Merge,Bloomberg
Candy Crush,Bloomberg
Find Pivot Index,Bloomberg
Minimum Window Subsequence,Bloomberg
Open the Lock,Bloomberg
Employee Free Time,Bloomberg
Letter Case Permutation,Bloomberg
All Paths From Source to Target,Bloomberg
Largest Sum of Averages,Bloomberg
Peak Index in a Mountain Array,Bloomberg
All Nodes Distance K in Binary Tree,Bloomberg
Construct Binary Tree from Preorder and Postorder Traversal,Bloomberg
Sort an Array,Bloomberg
Minimize Malware Spread,Bloomberg
Subarray Sums Divisible by K,Bloomberg
Squares of a Sorted Array,Bloomberg
Vertical Order Traversal of a Binary Tree,Bloomberg
Broken Calculator,Bloomberg
Cousins in Binary Tree,Bloomberg
Divisor Game,Bloomberg
Two City Scheduling,Bloomberg
Remove All Adjacent Duplicates In String,Bloomberg
Distant Barcodes,Bloomberg
Missing Element in Sorted Array,Bloomberg
Letter Tile Possibilities,Bloomberg
Lowest Common Ancestor of Deepest Leaves,Bloomberg
Binary Tree Coloring Game,Bloomberg
Number of Dice Rolls With Target Sum,Bloomberg
Invalid Transactions,Bloomberg
Design Bounded Blocking Queue,Bloomberg
Remove All Adjacent Duplicates in String II,Bloomberg
Dice Roll Simulation,Bloomberg
Meeting Scheduler,Bloomberg
Design A Leaderboard,Bloomberg
Minimum Remove to Make Valid Parentheses,Bloomberg
Minimum Time Visiting All Points,Bloomberg
Number of Ships in a Rectangle,Bloomberg
Maximum Number of Occurrences of a Substring,Bloomberg
Minimum Insertion Steps to Make a String Palindrome,Bloomberg
Minimum Number of Steps to Make Two Strings Anagram,Bloomberg
How Many Numbers Are Smaller Than the Current Number,Bloomberg
Design Underground System,Bloomberg
Design Browser History,Bloomberg
3Sum,DoorDash
Valid Parentheses,DoorDash
Valid Sudoku,DoorDash
Sudoku Solver,DoorDash
Merge Intervals,DoorDash
Best Time to Buy and Sell Stock,DoorDash
LRU Cache,DoorDash
Number of Islands,DoorDash
Course Schedule II,DoorDash
Basic Calculator II,DoorDash
Alien Dictionary,DoorDash
Design Tic-Tac-Toe,DoorDash
Design Twitter,DoorDash
Random Pick with Weight,DoorDash
Max Area of Island,DoorDash
Employee Free Time,DoorDash
Basic Calculator III,DoorDash
Interval List Intersections,DoorDash
Immediate Food Delivery I,DoorDash
Immediate Food Delivery II,DoorDash
Meeting Scheduler,DoorDash
Count All Valid Pickup and Delivery Options,DoorDash